Node ID	Prediction
1106492	Theory
100701	Case_Based
237521	Neural_Networks
1153703	Theory
32872	Reinforcement_Learning
1112319	Theory
28491	Reinforcement_Learning
5055	Theory
1105062	Neural_Networks
688361	Neural_Networks
424	Neural_Networks
1131270	Probabilistic_Methods
7276	Neural_Networks
45212	Neural_Networks
1117476	Genetic_Algorithms
399173	Case_Based
200630	Neural_Networks
1105116	Probabilistic_Methods
124064	Reinforcement_Learning
949318	Neural_Networks
1153866	Rule_Learning
210871	Genetic_Algorithms
38771	Neural_Networks
232606	Rule_Learning
714975	Probabilistic_Methods
1152436	Case_Based
1153195	Neural_Networks
1111052	Reinforcement_Learning
1153933	Neural_Networks
400356	Neural_Networks
134307	Probabilistic_Methods
1131421	Neural_Networks
390693	Neural_Networks
30901	Theory
7432	Reinforcement_Learning
6767	Theory
95589	Reinforcement_Learning
6771	Neural_Networks
108962	Probabilistic_Methods
108983	Probabilistic_Methods
58540	Reinforcement_Learning
436796	Neural_Networks
1123576	Neural_Networks
16471	Neural_Networks
1154074	Neural_Networks
23774	Reinforcement_Learning
787016	Genetic_Algorithms
3231	Theory
193352	Rule_Learning
78994	Neural_Networks
446271	Probabilistic_Methods
6125	Theory
1120713	Case_Based
248823	Reinforcement_Learning
1120731	Reinforcement_Learning
10798	Case_Based
20923	Probabilistic_Methods
57948	Theory
120084	Neural_Networks
1118546	Probabilistic_Methods
1104007	Theory
1104031	Case_Based
128	Reinforcement_Learning
18774	Probabilistic_Methods
1953	Case_Based
1120866	Neural_Networks
1135368	Neural_Networks
39126	Probabilistic_Methods
81350	Reinforcement_Learning
26850	Neural_Networks
1107041	Case_Based
179702	Neural_Networks
1114388	Neural_Networks
1152143	Neural_Networks
289781	Genetic_Algorithms
103543	Probabilistic_Methods
1129629	Genetic_Algorithms
107177	Theory
654177	Case_Based
37888	Probabilistic_Methods
375825	Probabilistic_Methods
110162	Case_Based
110164	Case_Based
628764	Neural_Networks
1125393	Case_Based
578309	Neural_Networks
212107	Probabilistic_Methods
1127541	Probabilistic_Methods
949217	Neural_Networks
1104300	Probabilistic_Methods
696346	Neural_Networks
446610	Neural_Networks
1114502	Genetic_Algorithms
1130568	Neural_Networks
105899	Neural_Networks
50354	Neural_Networks
1113852	Theory
1125467	Theory
1125469	Probabilistic_Methods
683360	Probabilistic_Methods
1136342	Genetic_Algorithms
131315	Neural_Networks
131318	Neural_Networks
129896	Probabilistic_Methods
59045	Theory
416964	Neural_Networks
582139	Neural_Networks
65650	Theory
14090	Neural_Networks
1104495	Neural_Networks
1122642	Neural_Networks
683404	Probabilistic_Methods
1105932	Rule_Learning
531351	Probabilistic_Methods
87482	Neural_Networks
1132864	Probabilistic_Methods
22886	Case_Based
1128425	Neural_Networks
1136446	Neural_Networks
51909	Case_Based
8875	Genetic_Algorithms
28649	Theory
3095	Case_Based
650807	Genetic_Algorithms
57764	Theory
6741	Rule_Learning
27243	Theory
1116922	Rule_Learning
578646	Genetic_Algorithms
1140231	Neural_Networks
67246	Neural_Networks
135130	Genetic_Algorithms
77438	Probabilistic_Methods
314459	Neural_Networks
1103960	Genetic_Algorithms
6818	Probabilistic_Methods
23738	Theory
232860	Neural_Networks
9716	Theory
73162	Probabilistic_Methods
562067	Probabilistic_Methods
213279	Neural_Networks
12194	Theory
1133028	Theory
1113459	Reinforcement_Learning
55770	Case_Based
259702	Genetic_Algorithms
1117049	Genetic_Algorithms
1104749	Genetic_Algorithms
469504	Neural_Networks
358866	Probabilistic_Methods
577331	Genetic_Algorithms
358887	Probabilistic_Methods
300071	Probabilistic_Methods
309476	Theory
1120059	Neural_Networks
31105	Neural_Networks
1136791	Genetic_Algorithms
48555	Neural_Networks
6238	Theory
74749	Theory
1132434	Neural_Networks
688849	Neural_Networks
1104851	Theory
28254	Neural_Networks
1246	Theory
42848	Neural_Networks
1136814	Genetic_Algorithms
178209	Rule_Learning
39165	Probabilistic_Methods
643199	Genetic_Algorithms
519353	Probabilistic_Methods
1114331	Genetic_Algorithms
192870	Neural_Networks
510718	Probabilistic_Methods
633030	Probabilistic_Methods
39210	Neural_Networks
237489	Neural_Networks
643239	Probabilistic_Methods
294145	Rule_Learning
141347	Genetic_Algorithms
385251	Theory
1134031	Neural_Networks
753264	Theory
1113742	Genetic_Algorithms
308232	Theory
604073	Neural_Networks
1125386	Theory
78557	Neural_Networks
1135589	Neural_Networks
592973	Genetic_Algorithms
13208	Reinforcement_Learning
102939	Neural_Networks
5069	Case_Based
12558	Neural_Networks
51049	Probabilistic_Methods
1105810	Case_Based
1105877	Probabilistic_Methods
155277	Probabilistic_Methods
1128314	Genetic_Algorithms
1153816	Genetic_Algorithms
1121176	Case_Based
239829	Case_Based
187260	Case_Based
1107319	Theory
646334	Probabilistic_Methods
653628	Rule_Learning
166989	Theory
987188	Neural_Networks
87417	Genetic_Algorithms
23546	Rule_Learning
1113926	Neural_Networks
1107385	Neural_Networks
9515	Theory
1124837	Reinforcement_Learning
1132857	Probabilistic_Methods
1128453	Genetic_Algorithms
101662	Rule_Learning
1135750	Theory
409725	Rule_Learning
820662	Theory
1131414	Neural_Networks
15670	Genetic_Algorithms
6782	Theory
33823	Neural_Networks
235670	Rule_Learning
594649	Genetic_Algorithms
387795	Genetic_Algorithms
593942	Genetic_Algorithms
578650	Genetic_Algorithms
1127851	Rule_Learning
1135894	Neural_Networks
1120650	Rule_Learning
59244	Case_Based
644361	Probabilistic_Methods
1112650	Probabilistic_Methods
459213	Genetic_Algorithms
634904	Genetic_Algorithms
1140289	Neural_Networks
118436	Neural_Networks
1108258	Case_Based
1050679	Genetic_Algorithms
145384	Reinforcement_Learning
3222	Probabilistic_Methods
1110520	Neural_Networks
1111265	Neural_Networks
633585	Probabilistic_Methods
31083	Theory
95719	Probabilistic_Methods
36140	Theory
444191	Neural_Networks
1110628	Probabilistic_Methods
18773	Probabilistic_Methods
68115	Case_Based
40605	Probabilistic_Methods
1115701	Probabilistic_Methods
684531	Neural_Networks
1118658	Theory
190697	Genetic_Algorithms
1120197	Neural_Networks
630890	Neural_Networks
1132505	Neural_Networks
116552	Genetic_Algorithms
14545	Neural_Networks
22566	Case_Based
335042	Neural_Networks
1139009	Neural_Networks
593560	Genetic_Algorithms
1104258	Neural_Networks
152226	Theory
626530	Probabilistic_Methods
74975	Case_Based
158098	Probabilistic_Methods
1153786	Probabilistic_Methods
1110947	Case_Based
134199	Genetic_Algorithms
20584	Theory
171225	Neural_Networks
15429	Theory
1122574	Neural_Networks
1153091	Theory
24966	Probabilistic_Methods
35	Genetic_Algorithms
40	Genetic_Algorithms
1140040	Neural_Networks
68505	Theory
341188	Reinforcement_Learning
1115375	Neural_Networks
1153148	Theory
1137140	Neural_Networks
1128407	Case_Based
46079	Genetic_Algorithms
253762	Probabilistic_Methods
8872	Genetic_Algorithms
2354	Theory
168410	Reinforcement_Learning
1110390	Neural_Networks
733167	Neural_Networks
367312	Neural_Networks
3828	Case_Based
1152508	Genetic_Algorithms
1132922	Neural_Networks
3187	Probabilistic_Methods
205192	Neural_Networks
52003	Neural_Networks
325314	Neural_Networks
1033	Genetic_Algorithms
16485	Neural_Networks
9708	Rule_Learning
6898	Neural_Networks
193354	Rule_Learning
686532	Neural_Networks
711598	Theory
686559	Neural_Networks
1106103	Theory
919885	Neural_Networks
94229	Neural_Networks
23069	Probabilistic_Methods
6169	Reinforcement_Learning
10796	Theory
1120777	Neural_Networks
22386	Case_Based
74698	Probabilistic_Methods
390894	Probabilistic_Methods
1117089	Neural_Networks
160732	Rule_Learning
95718	Neural_Networks
6917	Rule_Learning
1120019	Neural_Networks
1129442	Neural_Networks
6210	Reinforcement_Learning
6213	Reinforcement_Learning
6216	Reinforcement_Learning
6217	Case_Based
188318	Neural_Networks
647408	Genetic_Algorithms
1105574	Neural_Networks
1131748	Neural_Networks
779960	Neural_Networks
10183	Case_Based
71904	Neural_Networks
219976	Case_Based
68224	Neural_Networks
1110768	Neural_Networks
384428	Neural_Networks
1152150	Neural_Networks
25413	Rule_Learning
649731	Neural_Networks
56709	Reinforcement_Learning
1128945	Genetic_Algorithms
16008	Probabilistic_Methods
466170	Neural_Networks
95225	Theory
1128997	Genetic_Algorithms
545647	Theory
34257	Neural_Networks
1117348	Neural_Networks
708945	Neural_Networks
907845	Neural_Networks
218682	Case_Based
28447	Case_Based
105865	Neural_Networks
35070	Rule_Learning
263069	Genetic_Algorithms
1109439	Neural_Networks
56115	Genetic_Algorithms
158172	Probabilistic_Methods
10435	Case_Based
116087	Rule_Learning
39474	Genetic_Algorithms
14083	Neural_Networks
593022	Genetic_Algorithms
133550	Neural_Networks
91853	Case_Based
376704	Case_Based
1153150	Rule_Learning
1106671	Neural_Networks
1109542	Neural_Networks
97645	Genetic_Algorithms
1119708	Genetic_Algorithms
8865	Genetic_Algorithms
85324	Neural_Networks
4553	Case_Based
574264	Genetic_Algorithms
95586	Reinforcement_Learning
1153275	Theory
1129243	Reinforcement_Learning
503877	Genetic_Algorithms
1116974	Neural_Networks
3192	Probabilistic_Methods
1131549	Genetic_Algorithms
85449	Theory
66596	Case_Based
1154042	Probabilistic_Methods
137359	Rule_Learning
1154076	Genetic_Algorithms
127940	Neural_Networks
1117760	Reinforcement_Learning
45533	Neural_Networks
3217	Theory
92065	Neural_Networks
31043	Neural_Networks
1105428	Case_Based
60170	Neural_Networks
1107674	Genetic_Algorithms
1152714	Neural_Networks
409255	Neural_Networks
148399	Theory
815073	Neural_Networks
277263	Rule_Learning
1956	Case_Based
14431	Probabilistic_Methods
1120880	Neural_Networks
1131734	Genetic_Algorithms
940	Case_Based
1154251	Neural_Networks
42847	Neural_Networks
155736	Theory
155738	Theory
39127	Rule_Learning
1125992	Case_Based
46470	Theory
1129573	Genetic_Algorithms
12359	Neural_Networks
561581	Probabilistic_Methods
1113614	Reinforcement_Learning
94416	Rule_Learning
212777	Rule_Learning
583318	Genetic_Algorithms
243274	Neural_Networks
1105672	Neural_Networks
1128198	Genetic_Algorithms
27623	Neural_Networks
649730	Neural_Networks
1131116	Genetic_Algorithms
561611	Probabilistic_Methods
248395	Neural_Networks
117316	Genetic_Algorithms
1128982	Genetic_Algorithms
1126044	Neural_Networks
48764	Genetic_Algorithms
168958	Neural_Networks
75693	Reinforcement_Learning
579008	Genetic_Algorithms
440815	Probabilistic_Methods
1128256	Theory
1109392	Neural_Networks
1115959	Neural_Networks
592975	Genetic_Algorithms
102938	Neural_Networks
77112	Theory
107251	Theory
40135	Neural_Networks
1129798	Genetic_Algorithms
83746	Neural_Networks
1106546	Probabilistic_Methods
430711	Neural_Networks
7296	Neural_Networks
579108	Genetic_Algorithms
199571	Neural_Networks
389715	Theory
1153853	Genetic_Algorithms
1153860	Genetic_Algorithms
1131301	Probabilistic_Methods
1131305	Probabilistic_Methods
156794	Probabilistic_Methods
1153899	Genetic_Algorithms
1107325	Case_Based
646357	Probabilistic_Methods
1153106	Neural_Networks
69296	Genetic_Algorithms
100197	Neural_Networks
41732	Reinforcement_Learning
1109581	Probabilistic_Methods
593859	Genetic_Algorithms
1153922	Neural_Networks
684972	Neural_Networks
47570	Case_Based
1131471	Theory
1116181	Reinforcement_Learning
642894	Probabilistic_Methods
521269	Case_Based
1118302	Rule_Learning
124952	Probabilistic_Methods
27230	Theory
1119078	Case_Based
308529	Reinforcement_Learning
33818	Neural_Networks
1153287	Reinforcement_Learning
399370	Neural_Networks
156977	Neural_Networks
632796	Probabilistic_Methods
162080	Neural_Networks
20857	Rule_Learning
28026	Case_Based
144679	Case_Based
72406	Reinforcement_Learning
235776	Theory
739816	Neural_Networks
1102567	Case_Based
82664	Case_Based
644470	Probabilistic_Methods
628459	Neural_Networks
1116336	Probabilistic_Methods
101143	Case_Based
24530	Probabilistic_Methods
13686	Neural_Networks
693143	Theory
36162	Neural_Networks
1114992	Neural_Networks
1109830	Neural_Networks
12211	Theory
173863	Probabilistic_Methods
1102625	Theory
1919	Probabilistic_Methods
293285	Reinforcement_Learning
1132406	Neural_Networks
47839	Probabilistic_Methods
1113551	Case_Based
1123756	Probabilistic_Methods
1213	Rule_Learning
630817	Neural_Networks
46431	Neural_Networks
1128868	Neural_Networks
633721	Probabilistic_Methods
116512	Neural_Networks
151430	Rule_Learning
1105622	Neural_Networks
262108	Genetic_Algorithms
1140548	Neural_Networks
22564	Case_Based
429781	Theory
219218	Probabilistic_Methods
89308	Case_Based
252715	Rule_Learning
1129610	Genetic_Algorithms
1385	Reinforcement_Learning
34961	Neural_Networks
767763	Theory
1128977	Genetic_Algorithms
117328	Case_Based
24043	Neural_Networks
49482	Neural_Networks
59626	Theory
16843	Probabilistic_Methods
1153724	Case_Based
28471	Reinforcement_Learning
696345	Neural_Networks
1111614	Case_Based
4335	Probabilistic_Methods
5086	Probabilistic_Methods
1106547	Reinforcement_Learning
163235	Neural_Networks
628815	Reinforcement_Learning
10430	Case_Based
1120431	Neural_Networks
63486	Genetic_Algorithms
1153891	Case_Based
1129835	Rule_Learning
12631	Neural_Networks
49660	Theory
41714	Genetic_Algorithms
1118245	Reinforcement_Learning
1136422	Neural_Networks
315789	Case_Based
81722	Genetic_Algorithms
1095507	Probabilistic_Methods
134320	Probabilistic_Methods
194645	Reinforcement_Learning
593105	Genetic_Algorithms
573553	Theory
417017	Rule_Learning
180187	Rule_Learning
159084	Neural_Networks
65074	Probabilistic_Methods
33895	Genetic_Algorithms
2440	Rule_Learning
29492	Neural_Networks
949511	Neural_Networks
1121398	Genetic_Algorithms
1135125	Neural_Networks
35343	Neural_Networks
645897	Probabilistic_Methods
3218	Rule_Learning
3243	Theory
181782	Reinforcement_Learning
97892	Theory
1106172	Reinforcement_Learning
154134	Case_Based
93555	Neural_Networks
1131647	Neural_Networks
20942	Theory
334153	Theory
358884	Probabilistic_Methods
1154176	Genetic_Algorithms
45605	Genetic_Algorithms
1955	Case_Based
1138970	Neural_Networks
755217	Reinforcement_Learning
910	Neural_Networks
31927	Neural_Networks
1135358	Theory
28227	Reinforcement_Learning
1129518	Probabilistic_Methods
73327	Case_Based
1152858	Probabilistic_Methods
259126	Theory
46452	Rule_Learning
18833	Reinforcement_Learning
240321	Neural_Networks
1114352	Neural_Networks
6346	Neural_Networks
77758	Probabilistic_Methods
44368	Genetic_Algorithms
87915	Probabilistic_Methods
1129608	Neural_Networks
294126	Rule_Learning
38537	Probabilistic_Methods
34979	Theory
1128985	Genetic_Algorithms
429805	Case_Based
37884	Probabilistic_Methods
128202	Theory
42221	Theory
67633	Case_Based
13917	Neural_Networks
34263	Neural_Networks
1127530	Probabilistic_Methods
112378	Case_Based
35797	Neural_Networks
1131236	Probabilistic_Methods
1112369	Neural_Networks
144330	Case_Based
641976	Neural_Networks
1122580	Neural_Networks
1132706	Case_Based
1121867	Theory
1129018	Genetic_Algorithms
1129027	Genetic_Algorithms
265203	Genetic_Algorithms
91038	Probabilistic_Methods
1153889	Case_Based
1104449	Neural_Networks
65653	Theory
976284	Theory
8079	Theory
1106630	Neural_Networks
278394	Neural_Networks
6639	Rule_Learning
99025	Neural_Networks
1136447	Neural_Networks
1132887	Probabilistic_Methods
594543	Genetic_Algorithms
917493	Neural_Networks
989397	Theory
1118347	Neural_Networks
129287	Neural_Networks
1132948	Neural_Networks
851968	Neural_Networks
18582	Genetic_Algorithms
1111186	Neural_Networks
578645	Genetic_Algorithms
11335	Theory
11339	Theory
52784	Neural_Networks
400455	Neural_Networks
645084	Probabilistic_Methods
4649	Rule_Learning
395075	Genetic_Algorithms
20833	Theory
66594	Theory
1116268	Theory
25181	Neural_Networks
16437	Neural_Networks
16451	Neural_Networks
1138091	Case_Based
1129367	Genetic_Algorithms
1127913	Genetic_Algorithms
3236	Theory
245955	Neural_Networks
1817	Genetic_Algorithms
6130	Neural_Networks
41216	Probabilistic_Methods
1131607	Neural_Networks
15076	Neural_Networks
643777	Neural_Networks
1130931	Neural_Networks
120039	Case_Based
191222	Neural_Networks
1115677	Neural_Networks
6939	Rule_Learning
1117833	Case_Based
80515	Neural_Networks
300806	Neural_Networks
192734	Theory
1105505	Neural_Networks
48550	Neural_Networks
14428	Probabilistic_Methods
14430	Probabilistic_Methods
582511	Theory
66794	Probabilistic_Methods
79809	Probabilistic_Methods
129558	Case_Based
576725	Genetic_Algorithms
237376	Theory
46476	Rule_Learning
7032	Neural_Networks
5600	Case_Based
6343	Case_Based
575331	Genetic_Algorithms
1131828	Case_Based
61073	Neural_Networks
686030	Neural_Networks
1135455	Neural_Networks
1152944	Reinforcement_Learning
1118764	Theory
147870	Neural_Networks
359067	Case_Based
144212	Genetic_Algorithms
1107136	Genetic_Algorithms
1115166	Case_Based
1105718	Neural_Networks
75691	Neural_Networks
1133390	Theory
126867	Case_Based
1119505	Genetic_Algorithms
284023	Neural_Networks
509315	Genetic_Algorithms
1105011	Probabilistic_Methods
1121057	Case_Based
1121063	Theory
48075	Rule_Learning
592996	Genetic_Algorithms
126128	Neural_Networks
734406	Neural_Networks
1130539	Case_Based
106590	Probabilistic_Methods
853155	Neural_Networks
1132731	Genetic_Algorithms
126909	Probabilistic_Methods
395553	Neural_Networks
116790	Probabilistic_Methods
60560	Neural_Networks
1154520	Neural_Networks
1112417	Probabilistic_Methods
1131359	Genetic_Algorithms
118260	Reinforcement_Learning
124828	Neural_Networks
141596	Neural_Networks
51180	Theory
520471	Rule_Learning
714208	Probabilistic_Methods
75121	Rule_Learning
1138619	Rule_Learning
28640	Theory
606479	Neural_Networks
134314	Probabilistic_Methods
278403	Neural_Networks
643597	Probabilistic_Methods
1129994	Probabilistic_Methods
814836	Rule_Learning
7430	Reinforcement_Learning
899085	Rule_Learning
240791	Neural_Networks
1126350	Theory
235683	Rule_Learning
37483	Rule_Learning
22241	Genetic_Algorithms
286500	Genetic_Algorithms
1132285	Theory
1026	Genetic_Algorithms
35335	Neural_Networks
1154071	Probabilistic_Methods
801170	Genetic_Algorithms
86923	Neural_Networks
3232	Theory
1135955	Neural_Networks
672070	Neural_Networks
632874	Probabilistic_Methods
1131634	Neural_Networks
152731	Neural_Networks
6913	Probabilistic_Methods
62389	Case_Based
263498	Genetic_Algorithms
1112075	Neural_Networks
63812	Case_Based
293271	Reinforcement_Learning
164	Theory
288107	Theory
1121537	Theory
6224	Reinforcement_Learning
2663	Neural_Networks
66751	Theory
594119	Genetic_Algorithms
1107728	Neural_Networks
17363	Neural_Networks
149139	Neural_Networks
1237	Neural_Networks
444240	Theory
1120138	Neural_Networks
1117920	Probabilistic_Methods
1129572	Neural_Networks
1140543	Neural_Networks
250566	Neural_Networks
252725	Rule_Learning
1108570	Theory
217852	Neural_Networks
46500	Theory
255628	Neural_Networks
1152959	Neural_Networks
1131163	Neural_Networks
1131172	Probabilistic_Methods
1131180	Probabilistic_Methods
31349	Neural_Networks
217139	Case_Based
646195	Probabilistic_Methods
1153784	Genetic_Algorithms
4329	Probabilistic_Methods
153063	Probabilistic_Methods
714879	Probabilistic_Methods
646286	Probabilistic_Methods
59715	Genetic_Algorithms
69198	Neural_Networks
51834	Rule_Learning
11148	Rule_Learning
28542	Reinforcement_Learning
310653	Probabilistic_Methods
1114605	Neural_Networks
1108050	Neural_Networks
83826	Neural_Networks
85299	Neural_Networks
1153166	Case_Based
27174	Neural_Networks
17798	Case_Based
428610	Neural_Networks
650814	Genetic_Algorithms
134315	Probabilistic_Methods
161221	Neural_Networks
133615	Theory
1112574	Theory
1115456	Neural_Networks
1022969	Case_Based
396412	Neural_Networks
91975	Reinforcement_Learning
27203	Theory
1118332	Neural_Networks
1114777	Case_Based
1153254	Rule_Learning
370366	Neural_Networks
400473	Neural_Networks
645088	Probabilistic_Methods
124296	Neural_Networks
52007	Neural_Networks
1105394	Reinforcement_Learning
69418	Neural_Networks
20850	Theory
44017	Theory
1135137	Neural_Networks
1103979	Neural_Networks
16476	Neural_Networks
38205	Genetic_Algorithms
73146	Probabilistic_Methods
3229	Neural_Networks
84020	Theory
253971	Neural_Networks
644494	Probabilistic_Methods
1125092	Genetic_Algorithms
12946	Neural_Networks
321861	Theory
6910	Neural_Networks
1154169	Neural_Networks
1152711	Neural_Networks
1103315	Reinforcement_Learning
114	Reinforcement_Learning
12238	Theory
948299	Neural_Networks
6220	Reinforcement_Learning
1959	Case_Based
1104809	Neural_Networks
4804	Theory
1131719	Rule_Learning
1132459	Neural_Networks
307336	Neural_Networks
28265	Case_Based
103430	Neural_Networks
28287	Reinforcement_Learning
18812	Probabilistic_Methods
12350	Theory
39904	Neural_Networks
1140547	Probabilistic_Methods
8581	Neural_Networks
1115886	Reinforcement_Learning
1152904	Probabilistic_Methods
308920	Probabilistic_Methods
43698	Neural_Networks
42209	Theory
1133338	Genetic_Algorithms
75695	Neural_Networks
1152290	Theory
578337	Neural_Networks
1154459	Genetic_Algorithms
1153736	Theory
211432	Theory
217984	Neural_Networks
696343	Neural_Networks
13213	Neural_Networks
642621	Probabilistic_Methods
83725	Genetic_Algorithms
84459	Theory
1153003	Theory
129045	Case_Based
628888	Neural_Networks
56112	Genetic_Algorithms
96847	Genetic_Algorithms
689152	Neural_Networks
129897	Probabilistic_Methods
20602	Theory
116084	Rule_Learning
1130637	Rule_Learning
975567	Genetic_Algorithms
32276	Neural_Networks
285675	Neural_Networks
1116835	Genetic_Algorithms
1116839	Case_Based
1103016	Neural_Networks
593813	Genetic_Algorithms
640617	Genetic_Algorithms
35905	Neural_Networks
3085	Case_Based
1153943	Genetic_Algorithms
1121254	Probabilistic_Methods
1129907	Probabilistic_Methods
193931	Neural_Networks
61417	Rule_Learning
54129	Genetic_Algorithms
1153262	Theory
1153264	Case_Based
1106771	Neural_Networks
1118388	Case_Based
11325	Theory
1103162	Reinforcement_Learning
582343	Theory
1103985	Genetic_Algorithms
1119178	Case_Based
3240	Theory
1102548	Rule_Learning
1110579	Case_Based
12199	Theory
6163	Reinforcement_Learning
33231	Probabilistic_Methods
141868	Case_Based
574462	Genetic_Algorithms
502574	Rule_Learning
1116397	Case_Based
36145	Neural_Networks
175291	Neural_Networks
154982	Theory
98698	Genetic_Algorithms
312409	Neural_Networks
608191	Genetic_Algorithms
55801	Case_Based
1113534	Neural_Networks
648121	Neural_Networks
647447	Genetic_Algorithms
1109185	Neural_Networks
70442	Case_Based
70444	Case_Based
397488	Genetic_Algorithms
335733	Genetic_Algorithms
12337	Neural_Networks
694759	Genetic_Algorithms
561582	Probabilistic_Methods
1114364	Neural_Networks
22563	Theory
10981	Neural_Networks
568045	Rule_Learning
135464	Neural_Networks
613409	Probabilistic_Methods
592830	Rule_Learning
190706	Genetic_Algorithms
643221	Probabilistic_Methods
1128946	Genetic_Algorithms
1131164	Probabilistic_Methods
1131192	Probabilistic_Methods
118079	Neural_Networks
1114442	Genetic_Algorithms
682508	Probabilistic_Methods
75694	Theory
78549	Neural_Networks
648369	Neural_Networks
89416	Probabilistic_Methods
1108656	Case_Based
621555	Probabilistic_Methods
230300	Reinforcement_Learning
48066	Theory
248431	Genetic_Algorithms
590022	Probabilistic_Methods
13205	Reinforcement_Learning
40131	Neural_Networks
1131257	Probabilistic_Methods
1123239	Neural_Networks
1131266	Probabilistic_Methods
377303	Genetic_Algorithms
179180	Neural_Networks
853115	Neural_Networks
853116	Neural_Networks
212930	Neural_Networks
1125402	Probabilistic_Methods
94639	Genetic_Algorithms
87363	Genetic_Algorithms
1129015	Genetic_Algorithms
143676	Neural_Networks
126912	Probabilistic_Methods
55403	Rule_Learning
260979	Neural_Networks
134219	Genetic_Algorithms
231198	Neural_Networks
1131334	Probabilistic_Methods
30817	Neural_Networks
1118209	Theory
5959	Theory
22874	Case_Based
22883	Case_Based
1153942	Genetic_Algorithms
1153945	Genetic_Algorithms
684986	Neural_Networks
735311	Genetic_Algorithms
187354	Rule_Learning
206524	Rule_Learning
1108169	Neural_Networks
49753	Probabilistic_Methods
593155	Genetic_Algorithms
177993	Genetic_Algorithms
75983	Neural_Networks
17811	Genetic_Algorithms
503871	Neural_Networks
481073	Reinforcement_Learning
1105344	Neural_Networks
178718	Genetic_Algorithms
66563	Genetic_Algorithms
67292	Neural_Networks
154047	Neural_Networks
1135108	Probabilistic_Methods
162075	Neural_Networks
1130847	Genetic_Algorithms
270600	Theory
684372	Neural_Networks
216878	Theory
37541	Theory
71736	Probabilistic_Methods
12155	Theory
12195	Theory
1121459	Case_Based
1114184	Neural_Networks
594011	Genetic_Algorithms
180301	Probabilistic_Methods
390889	Neural_Networks
593328	Genetic_Algorithms
60169	Neural_Networks
256106	Neural_Networks
6923	Rule_Learning
36167	Reinforcement_Learning
45603	Genetic_Algorithms
1125895	Reinforcement_Learning
18770	Probabilistic_Methods
18781	Probabilistic_Methods
18785	Probabilistic_Methods
1103383	Genetic_Algorithms
1103394	Case_Based
2698	Neural_Networks
688824	Neural_Networks
50838	Case_Based
1125906	Probabilistic_Methods
1103499	Probabilistic_Methods
431206	Neural_Networks
1112911	Genetic_Algorithms
14529	Case_Based
102061	Genetic_Algorithms
45052	Probabilistic_Methods
1152917	Probabilistic_Methods
397590	Rule_Learning
1120252	Probabilistic_Methods
134060	Reinforcement_Learning
4274	Case_Based
1106406	Reinforcement_Learning
32083	Neural_Networks
249858	Theory
182093	Genetic_Algorithms
13972	Reinforcement_Learning
1134865	Genetic_Algorithms
1139195	Genetic_Algorithms
40124	Neural_Networks
1031453	Neural_Networks
950052	Neural_Networks
18313	Neural_Networks
8703	Case_Based
287787	Genetic_Algorithms
51866	Case_Based
282700	Neural_Networks
1131314	Probabilistic_Methods
1111733	Neural_Networks
132806	Genetic_Algorithms
593060	Genetic_Algorithms
353541	Reinforcement_Learning
35922	Probabilistic_Methods
164885	Genetic_Algorithms
203646	Neural_Networks
976334	Reinforcement_Learning
642847	Probabilistic_Methods
4584	Reinforcement_Learning
1107455	Reinforcement_Learning
69392	Neural_Networks
64319	Theory
1128542	Neural_Networks
65057	Probabilistic_Methods
591016	Rule_Learning
644334	Probabilistic_Methods
567018	Neural_Networks
671293	Neural_Networks
1112686	Probabilistic_Methods
575077	Genetic_Algorithms
189655	Probabilistic_Methods
94953	Neural_Networks
1111230	Reinforcement_Learning
52847	Theory
75318	Neural_Networks
12182	Theory
1114153	Neural_Networks
6151	Reinforcement_Learning
5454	Neural_Networks
6196	Reinforcement_Learning
120013	Neural_Networks
112099	Case_Based
1112099	Theory
2658	Neural_Networks
753047	Theory
2665	Neural_Networks
340075	Neural_Networks
390922	Neural_Networks
22431	Rule_Learning
628500	Reinforcement_Learning
33301	Case_Based
101261	Theory
1154230	Probabilistic_Methods
1152821	Neural_Networks
39131	Theory
7022	Neural_Networks
6334	Theory
123825	Neural_Networks
90888	Neural_Networks
510715	Probabilistic_Methods
143476	Probabilistic_Methods
350362	Theory
1105698	Probabilistic_Methods
1128151	Genetic_Algorithms
43639	Neural_Networks
1120211	Neural_Networks
54550	Case_Based
184918	Neural_Networks
1131198	Genetic_Algorithms
8617	Neural_Networks
62607	Rule_Learning
1127566	Probabilistic_Methods
166825	Case_Based
509379	Theory
1113084	Neural_Networks
644093	Probabilistic_Methods
411092	Rule_Learning
1103676	Neural_Networks
51052	Probabilistic_Methods
1153014	Probabilistic_Methods
1153031	Neural_Networks
94641	Genetic_Algorithms
1153097	Neural_Networks
1127619	Rule_Learning
1119623	Probabilistic_Methods
96851	Genetic_Algorithms
62718	Genetic_Algorithms
56167	Case_Based
51879	Case_Based
168332	Reinforcement_Learning
111770	Probabilistic_Methods
1153879	Case_Based
1130653	Case_Based
133567	Neural_Networks
593068	Genetic_Algorithms
1130680	Neural_Networks
1152421	Genetic_Algorithms
1118286	Rule_Learning
1108834	Neural_Networks
1128437	Neural_Networks
346243	Case_Based
25772	Neural_Networks
64271	Case_Based
1105221	Genetic_Algorithms
348437	Theory
33013	Reinforcement_Learning
1111899	Case_Based
1115471	Neural_Networks
30934	Theory
69397	Theory
177998	Genetic_Algorithms
1129208	Theory
95588	Reinforcement_Learning
255233	Case_Based
6775	Neural_Networks
682815	Genetic_Algorithms
263279	Genetic_Algorithms
1110438	Neural_Networks
575795	Genetic_Algorithms
272720	Theory
591017	Rule_Learning
58552	Neural_Networks
4660	Theory
207395	Case_Based
7532	Neural_Networks
16474	Neural_Networks
70281	Neural_Networks
1110515	Genetic_Algorithms
3235	Theory
20178	Case_Based
1133010	Neural_Networks
31055	Neural_Networks
578780	Genetic_Algorithms
112787	Case_Based
656048	Case_Based
1130927	Neural_Networks
1130934	Probabilistic_Methods
31863	Probabilistic_Methods
34708	Theory
1154173	Probabilistic_Methods
136767	Theory
65212	Probabilistic_Methods
15892	Case_Based
576691	Genetic_Algorithms
1105531	Probabilistic_Methods
1997	Theory
1131728	Case_Based
1106298	Theory
34082	Probabilistic_Methods
227178	Genetic_Algorithms
85688	Theory
1120169	Theory
82090	Genetic_Algorithms
1129570	Genetic_Algorithms
39199	Neural_Networks
1104182	Reinforcement_Learning
12347	Neural_Networks
63915	Rule_Learning
192850	Theory
1128881	Theory
7041	Neural_Networks
1000012	Rule_Learning
170338	Reinforcement_Learning
1106370	Neural_Networks
95188	Case_Based
208345	Case_Based
756061	Neural_Networks
566653	Case_Based
103531	Case_Based
236759	Neural_Networks
241133	Reinforcement_Learning
1134022	Genetic_Algorithms
74921	Probabilistic_Methods
575402	Genetic_Algorithms
78552	Neural_Networks
578306	Neural_Networks
126868	Case_Based
118873	Neural_Networks
5075	Case_Based
703953	Probabilistic_Methods
1110950	Case_Based
105856	Neural_Networks
1113831	Genetic_Algorithms
31489	Probabilistic_Methods
1153064	Theory
395540	Neural_Networks
59772	Neural_Networks
126926	Probabilistic_Methods
595193	Genetic_Algorithms
990075	Case_Based
8766	Rule_Learning
131317	Neural_Networks
506	Probabilistic_Methods
32260	Probabilistic_Methods
137130	Probabilistic_Methods
642798	Probabilistic_Methods
1129111	Neural_Networks
22869	Case_Based
1153183	Neural_Networks
135798	Case_Based
101660	Rule_Learning
28632	Theory
73712	Neural_Networks
54844	Theory
133628	Theory
1108175	Theory
1130780	Probabilistic_Methods
128540	Genetic_Algorithms
817774	Neural_Networks
18532	Neural_Networks
1127810	Neural_Networks
645016	Probabilistic_Methods
11337	Theory
323128	Theory
1105360	Case_Based
47683	Case_Based
642920	Neural_Networks
459216	Genetic_Algorithms
66564	Genetic_Algorithms
642930	Neural_Networks
3932	Case_Based
1135122	Neural_Networks
643695	Probabilistic_Methods
1111978	Probabilistic_Methods
49847	Rule_Learning
189623	Probabilistic_Methods
634975	Genetic_Algorithms
1106854	Neural_Networks
210309	Probabilistic_Methods
5462	Neural_Networks
1120786	Neural_Networks
594039	Genetic_Algorithms
763181	Neural_Networks
44121	Probabilistic_Methods
1154123	Neural_Networks
1126503	Neural_Networks
36131	Probabilistic_Methods
1108389	Probabilistic_Methods
62347	Neural_Networks
1111304	Reinforcement_Learning
643069	Probabilistic_Methods
6215	Reinforcement_Learning
308003	Rule_Learning
1120858	Neural_Networks
1999	Theory
1154232	Probabilistic_Methods
1154233	Probabilistic_Methods
28249	Reinforcement_Learning
594900	Genetic_Algorithms
1125993	Case_Based
1107095	Rule_Learning
610529	Neural_Networks
1152179	Neural_Networks
1107808	Neural_Networks
8591	Rule_Learning
264347	Neural_Networks
27612	Theory
633081	Probabilistic_Methods
427606	Genetic_Algorithms
233106	Neural_Networks
1131149	Neural_Networks
102879	Theory
1131184	Neural_Networks
1128978	Genetic_Algorithms
1107140	Theory
1118017	Neural_Networks
340299	Neural_Networks
242637	Neural_Networks
1152272	Neural_Networks
16819	Probabilistic_Methods
28456	Genetic_Algorithms
175548	Neural_Networks
330148	Neural_Networks
302545	Probabilistic_Methods
58268	Rule_Learning
662279	Neural_Networks
641956	Neural_Networks
50336	Probabilistic_Methods
853150	Neural_Networks
1154500	Rule_Learning
682666	Reinforcement_Learning
198866	Case_Based
137849	Probabilistic_Methods
116021	Theory
39403	Reinforcement_Learning
649944	Rule_Learning
239800	Neural_Networks
145176	Neural_Networks
8821	Theory
100935	Genetic_Algorithms
93320	Neural_Networks
38846	Case_Based
189577	Probabilistic_Methods
108963	Probabilistic_Methods
108974	Probabilistic_Methods
1152569	Genetic_Algorithms
159085	Neural_Networks
249421	Neural_Networks
1123553	Reinforcement_Learning
16470	Neural_Networks
193347	Rule_Learning
284414	Neural_Networks
114189	Probabilistic_Methods
1106112	Reinforcement_Learning
175909	Case_Based
644448	Probabilistic_Methods
86258	Theory
17201	Reinforcement_Learning
1125082	Neural_Networks
13656	Neural_Networks
17242	Probabilistic_Methods
180373	Neural_Networks
64519	Case_Based
23116	Probabilistic_Methods
648106	Neural_Networks
648112	Neural_Networks
1131745	Neural_Networks
27543	Neural_Networks
1128853	Rule_Learning
368431	Theory
1120962	Neural_Networks
1117249	Theory
61069	Genetic_Algorithms
854434	Neural_Networks
1123867	Theory
131117	Neural_Networks
184157	Reinforcement_Learning
8594	Rule_Learning
289780	Genetic_Algorithms
19621	Neural_Networks
568857	Genetic_Algorithms
1131165	Probabilistic_Methods
928873	Neural_Networks
1131189	Probabilistic_Methods
1152244	Case_Based
1116629	Neural_Networks
110163	Case_Based
66986	Neural_Networks
45189	Theory
137790	Theory
28487	Reinforcement_Learning
642681	Probabilistic_Methods
445938	Probabilistic_Methods
51045	Probabilistic_Methods
746058	Neural_Networks
1113828	Neural_Networks
1133469	Reinforcement_Learning
576257	Neural_Networks
368657	Neural_Networks
1152358	Genetic_Algorithms
128383	Case_Based
56119	Genetic_Algorithms
137873	Neural_Networks
330208	Neural_Networks
362926	Case_Based
239810	Case_Based
1153897	Genetic_Algorithms
1131348	Neural_Networks
1130657	Case_Based
133566	Neural_Networks
99023	Neural_Networks
99030	Neural_Networks
162664	Probabilistic_Methods
8832	Case_Based
1103031	Probabilistic_Methods
36620	Probabilistic_Methods
28674	Theory
38829	Case_Based
1694	Genetic_Algorithms
650834	Genetic_Algorithms
521252	Case_Based
84695	Neural_Networks
395725	Neural_Networks
102406	Theory
19231	Theory
1106789	Probabilistic_Methods
6784	Neural_Networks
578649	Genetic_Algorithms
751408	Neural_Networks
70970	Genetic_Algorithms
1130808	Neural_Networks
593248	Genetic_Algorithms
6814	Probabilistic_Methods
137380	Theory
33904	Genetic_Algorithms
1119180	Case_Based
73119	Probabilistic_Methods
174425	Theory
416455	Genetic_Algorithms
3220	Case_Based
84021	Genetic_Algorithms
213246	Neural_Networks
1105433	Probabilistic_Methods
259701	Genetic_Algorithms
430329	Neural_Networks
643734	Neural_Networks
1131611	Theory
617575	Neural_Networks
1116328	Theory
1104769	Neural_Networks
594047	Genetic_Algorithms
293974	Probabilistic_Methods
148341	Genetic_Algorithms
1152740	Reinforcement_Learning
117	Reinforcement_Learning
112813	Case_Based
1102646	Theory
63832	Genetic_Algorithms
636511	Neural_Networks
1121569	Neural_Networks
230884	Neural_Networks
941	Case_Based
1109199	Genetic_Algorithms
153598	Reinforcement_Learning
739280	Neural_Networks
70441	Case_Based
892139	Reinforcement_Learning
27531	Neural_Networks
190698	Genetic_Algorithms
29723	Probabilistic_Methods
140569	Neural_Networks
116528	Theory
1121659	Probabilistic_Methods
14549	Neural_Networks
1136110	Neural_Networks
646836	Genetic_Algorithms
1127430	Genetic_Algorithms
17477	Genetic_Algorithms
28336	Genetic_Algorithms
573978	Genetic_Algorithms
46501	Theory
12439	Neural_Networks
117315	Genetic_Algorithms
1106401	Probabilistic_Methods
13193	Reinforcement_Learning
1131195	Neural_Networks
653441	Probabilistic_Methods
1126011	Probabilistic_Methods
1126037	Neural_Networks
1152259	Probabilistic_Methods
595056	Genetic_Algorithms
578347	Neural_Networks
226698	Neural_Networks
72805	Rule_Learning
40125	Neural_Networks
1123215	Theory
20526	Reinforcement_Learning
20528	Neural_Networks
1129778	Genetic_Algorithms
711994	Neural_Networks
1114526	Theory
31479	Probabilistic_Methods
31483	Probabilistic_Methods
1106568	Neural_Networks
1134197	Neural_Networks
50381	Theory
631052	Neural_Networks
119686	Neural_Networks
28504	Reinforcement_Learning
1154525	Rule_Learning
1129096	Reinforcement_Learning
1105148	Reinforcement_Learning
142268	Probabilistic_Methods
643485	Probabilistic_Methods
132821	Theory
1111788	Neural_Networks
151708	Neural_Networks
118259	Reinforcement_Learning
94713	Probabilistic_Methods
1107367	Case_Based
215912	Neural_Networks
119712	Genetic_Algorithms
1109566	Neural_Networks
177115	Case_Based
28641	Theory
709113	Rule_Learning
194609	Neural_Networks
90470	Probabilistic_Methods
1105231	Genetic_Algorithms
1120563	Case_Based
1132157	Theory
58453	Genetic_Algorithms
593104	Genetic_Algorithms
1126315	Neural_Networks
189571	Probabilistic_Methods
54131	Genetic_Algorithms
503893	Genetic_Algorithms
1130069	Neural_Networks
365294	Reinforcement_Learning
169279	Neural_Networks
1112665	Case_Based
1123530	Genetic_Algorithms
1135115	Neural_Networks
189620	Probabilistic_Methods
1114864	Case_Based
449841	Rule_Learning
246618	Genetic_Algorithms
606647	Genetic_Algorithms
1112767	Neural_Networks
57932	Theory
73972	Case_Based
198443	Genetic_Algorithms
60159	Neural_Networks
101145	Case_Based
189708	Probabilistic_Methods
118558	Reinforcement_Learning
189774	Probabilistic_Methods
167205	Rule_Learning
1119295	Case_Based
1129494	Neural_Networks
563613	Neural_Networks
1105530	Neural_Networks
1138968	Genetic_Algorithms
1131752	Genetic_Algorithms
4878	Case_Based
1135345	Neural_Networks
131042	Neural_Networks
27535	Neural_Networks
28267	Case_Based
1125953	Rule_Learning
114308	Reinforcement_Learning
519318	Probabilistic_Methods
1122304	Neural_Networks
1123068	Theory
1114336	Case_Based
733576	Neural_Networks
41417	Case_Based
628668	Reinforcement_Learning
593559	Genetic_Algorithms
289779	Genetic_Algorithms
50980	Case_Based
254923	Genetic_Algorithms
1152991	Probabilistic_Methods
152227	Theory
1128975	Genetic_Algorithms
31336	Neural_Networks
13195	Reinforcement_Learning
1126012	Probabilistic_Methods
1123188	Neural_Networks
109323	Probabilistic_Methods
31353	Neural_Networks
48766	Genetic_Algorithms
4330	Neural_Networks
40151	Neural_Networks
1110998	Neural_Networks
1115291	Probabilistic_Methods
644843	Probabilistic_Methods
35061	Genetic_Algorithms
1136310	Probabilistic_Methods
126927	Probabilistic_Methods
595157	Genetic_Algorithms
140005	Theory
59798	Neural_Networks
1153811	Rule_Learning
35854	Theory
12638	Neural_Networks
232605	Rule_Learning
1113934	Case_Based
22835	Neural_Networks
38000	Rule_Learning
5966	Theory
1135746	Theory
10531	Neural_Networks
714289	Probabilistic_Methods
93318	Reinforcement_Learning
134316	Probabilistic_Methods
521207	Case_Based
7419	Reinforcement_Learning
75969	Rule_Learning
27241	Theory
27246	Neural_Networks
86840	Theory
6786	Probabilistic_Methods
1117653	Neural_Networks
399339	Reinforcement_Learning
763009	Neural_Networks
8213	Reinforcement_Learning
85452	Theory
1130856	Genetic_Algorithms
88356	Probabilistic_Methods
559804	Probabilistic_Methods
166420	Theory
23070	Probabilistic_Methods
6184	Neural_Networks
13658	Neural_Networks
1119211	Neural_Networks
424540	Neural_Networks
562123	Neural_Networks
328370	Neural_Networks
12210	Theory
1109873	Neural_Networks
18777	Probabilistic_Methods
6214	Reinforcement_Learning
74700	Probabilistic_Methods
143323	Case_Based
1132418	Neural_Networks
13717	Rule_Learning
101263	Theory
1154276	Neural_Networks
15984	Probabilistic_Methods
1120170	Reinforcement_Learning
158614	Theory
46468	Neural_Networks
29708	Neural_Networks
288	Neural_Networks
66805	Genetic_Algorithms
1116530	Neural_Networks
646809	Genetic_Algorithms
191404	Reinforcement_Learning
1116594	Neural_Networks
46536	Theory
714748	Probabilistic_Methods
217115	Theory
1107171	Case_Based
1128204	Genetic_Algorithms
628751	Neural_Networks
1123926	Theory
77826	Case_Based
242663	Probabilistic_Methods
1128267	Reinforcement_Learning
28412	Case_Based
594387	Genetic_Algorithms
44455	Genetic_Algorithms
1118848	Neural_Networks
11093	Neural_Networks
53942	Case_Based
1131267	Probabilistic_Methods
13269	Probabilistic_Methods
1107215	Case_Based
12576	Genetic_Algorithms
561789	Probabilistic_Methods
368605	Neural_Networks
129042	Case_Based
1153065	Genetic_Algorithms
72101	Neural_Networks
40922	Case_Based
423463	Probabilistic_Methods
51831	Neural_Networks
229635	Genetic_Algorithms
1119654	Case_Based
20601	Theory
38722	Theory
72908	Rule_Learning
1131330	Probabilistic_Methods
1103737	Theory
91852	Case_Based
83847	Neural_Networks
152483	Genetic_Algorithms
25791	Reinforcement_Learning
738941	Neural_Networks
1131464	Neural_Networks
458439	Theory
75972	Rule_Learning
30973	Case_Based
95597	Reinforcement_Learning
1121313	Case_Based
1140230	Neural_Networks
1106052	Case_Based
593240	Genetic_Algorithms
25184	Neural_Networks
1152663	Reinforcement_Learning
675649	Neural_Networks
1152673	Neural_Networks
321004	Genetic_Algorithms
139547	Neural_Networks
1111240	Neural_Networks
1129369	Genetic_Algorithms
911198	Neural_Networks
20179	Case_Based
561364	Probabilistic_Methods
644441	Probabilistic_Methods
672064	Neural_Networks
1108329	Case_Based
1130929	Theory
197783	Theory
248119	Theory
136766	Theory
1120084	Neural_Networks
1112071	Probabilistic_Methods
141160	Neural_Networks
98693	Genetic_Algorithms
141171	Neural_Networks
83449	Case_Based
58758	Genetic_Algorithms
1132486	Neural_Networks
118682	Probabilistic_Methods
28290	Genetic_Algorithms
1121603	Neural_Networks
1130356	Theory
561595	Probabilistic_Methods
709518	Neural_Networks
1114398	Neural_Networks
93755	Theory
522338	Probabilistic_Methods
1110024	Case_Based
45061	Theory
1108551	Rule_Learning
13885	Neural_Networks
1104999	Genetic_Algorithms
1107861	Theory
27632	Neural_Networks
509233	Theory
212097	Probabilistic_Methods
202639	Neural_Networks
1128927	Rule_Learning
1128935	Rule_Learning
141342	Genetic_Algorithms
121792	Neural_Networks
1122460	Reinforcement_Learning
645452	Probabilistic_Methods
74920	Probabilistic_Methods
1118092	Reinforcement_Learning
411005	Neural_Networks
592993	Genetic_Algorithms
574009	Genetic_Algorithms
294239	Neural_Networks
5064	Case_Based
662250	Neural_Networks
124734	Theory
631015	Neural_Networks
752684	Neural_Networks
683355	Probabilistic_Methods
243483	Genetic_Algorithms
1110209	Probabilistic_Methods
1152394	Neural_Networks
1119671	Neural_Networks
35863	Reinforcement_Learning
1104435	Probabilistic_Methods
1131335	Probabilistic_Methods
228992	Neural_Networks
654339	Genetic_Algorithms
214472	Reinforcement_Learning
23545	Rule_Learning
9513	Theory
238401	Probabilistic_Methods
1152490	Neural_Networks
51934	Neural_Networks
1153900	Genetic_Algorithms
8874	Genetic_Algorithms
25794	Case_Based
63549	Probabilistic_Methods
1102364	Probabilistic_Methods
824245	Neural_Networks
195361	Reinforcement_Learning
529165	Neural_Networks
617378	Neural_Networks
49720	Probabilistic_Methods
57773	Rule_Learning
95594	Reinforcement_Learning
596075	Case_Based
235678	Rule_Learning
235679	Rule_Learning
578669	Genetic_Algorithms
645046	Probabilistic_Methods
763010	Neural_Networks
47684	Case_Based
634902	Genetic_Algorithms
459214	Genetic_Algorithms
107569	Neural_Networks
634938	Genetic_Algorithms
118435	Neural_Networks
1154012	Probabilistic_Methods
1114838	Neural_Networks
95642	Case_Based
1035	Genetic_Algorithms
1138043	Theory
342802	Neural_Networks
101811	Theory
1152676	Genetic_Algorithms
36802	Probabilistic_Methods
258259	Neural_Networks
1133008	Neural_Networks
28851	Genetic_Algorithms
259772	Case_Based
467383	Genetic_Algorithms
62329	Genetic_Algorithms
1112026	Probabilistic_Methods
884094	Probabilistic_Methods
1130243	Neural_Networks
385067	Case_Based
375605	Genetic_Algorithms
28964	Probabilistic_Methods
753070	Theory
1132416	Neural_Networks
2695	Neural_Networks
33325	Theory
270085	Genetic_Algorithms
1131754	Genetic_Algorithms
1125944	Probabilistic_Methods
263553	Neural_Networks
10174	Theory
576795	Genetic_Algorithms
561568	Probabilistic_Methods
1102751	Theory
1123087	Neural_Networks
561593	Probabilistic_Methods
1105603	Neural_Networks
74821	Neural_Networks
195792	Genetic_Algorithms
350373	Theory
299195	Reinforcement_Learning
103528	Case_Based
28385	Reinforcement_Learning
1152958	Neural_Networks
1131137	Probabilistic_Methods
626531	Probabilistic_Methods
1102850	Neural_Networks
1106418	Theory
1126050	Reinforcement_Learning
354004	Probabilistic_Methods
66982	Neural_Networks
13982	Theory
273152	Genetic_Algorithms
218666	Neural_Networks
8699	Theory
248425	Genetic_Algorithms
28485	Reinforcement_Learning
35778	Probabilistic_Methods
1481	Case_Based
13212	Reinforcement_Learning
158812	Neural_Networks
1103610	Theory
20534	Reinforcement_Learning
193742	Reinforcement_Learning
434	Case_Based
1131274	Probabilistic_Methods
37998	Rule_Learning
50337	Probabilistic_Methods
23448	Neural_Networks
34315	Neural_Networks
34355	Neural_Networks
126920	Probabilistic_Methods
44514	Neural_Networks
348305	Rule_Learning
23507	Neural_Networks
95435	Reinforcement_Learning
1153169	Theory
30895	Neural_Networks
1124844	Neural_Networks
1136442	Neural_Networks
119761	Neural_Networks
714260	Probabilistic_Methods
137956	Rule_Learning
1119751	Theory
111866	Theory
662416	Neural_Networks
612306	Rule_Learning
1102407	Neural_Networks
1717	Probabilistic_Methods
1110494	Neural_Networks
1120643	Genetic_Algorithms
5348	Neural_Networks
950305	Neural_Networks
52000	Neural_Networks
1131550	Genetic_Algorithms
899119	Rule_Learning
286562	Neural_Networks
662572	Neural_Networks
159897	Probabilistic_Methods
1106849	Neural_Networks
1136634	Theory
1110531	Rule_Learning
1063773	Neural_Networks
1114125	Reinforcement_Learning
45599	Genetic_Algorithms
31097	Case_Based
6170	Reinforcement_Learning
1109017	Genetic_Algorithms
20920	Probabilistic_Methods
12960	Theory
887	Reinforcement_Learning
358894	Probabilistic_Methods
643003	Probabilistic_Methods
1120049	Neural_Networks
15889	Case_Based
221302	Case_Based
1129443	Neural_Networks
28957	Probabilistic_Methods
33303	Case_Based
1116410	Case_Based
943	Case_Based
32688	Neural_Networks
27510	Neural_Networks
1272	Theory
1117942	Reinforcement_Learning
1128839	Neural_Networks
1128846	Neural_Networks
12330	Neural_Networks
38480	Reinforcement_Learning
1104191	Neural_Networks
23258	Reinforcement_Learning
55968	Reinforcement_Learning
1152162	Probabilistic_Methods
1152194	Neural_Networks
1116569	Neural_Networks
126793	Probabilistic_Methods
28350	Reinforcement_Learning
1152910	Reinforcement_Learning
28387	Reinforcement_Learning
447224	Genetic_Algorithms
1152975	Neural_Networks
1104261	Theory
152219	Neural_Networks
82920	Genetic_Algorithms
1134056	Neural_Networks
48781	Genetic_Algorithms
289088	Neural_Networks
574710	Genetic_Algorithms
34266	Neural_Networks
45188	Theory
1127558	Probabilistic_Methods
28473	Reinforcement_Learning
134128	Reinforcement_Learning
1104379	Neural_Networks
1130586	Neural_Networks
6539	Theory
1152308	Case_Based
1153056	Reinforcement_Learning
89547	Theory
27895	Case_Based
93273	Theory
1131360	Genetic_Algorithms
1130634	Neural_Networks
1131374	Genetic_Algorithms
1153101	Rule_Learning
1153160	Theory
25702	Neural_Networks
1125597	Genetic_Algorithms
1128430	Case_Based
127033	Genetic_Algorithms
1131420	Neural_Networks
193918	Neural_Networks
421481	Probabilistic_Methods
385572	Neural_Networks
189566	Probabilistic_Methods
148170	Genetic_Algorithms
415693	Genetic_Algorithms
1102442	Theory
1130080	Neural_Networks
3191	Probabilistic_Methods
67245	Neural_Networks
205196	Neural_Networks
123556	Neural_Networks
1786	Theory
582349	Theory
1103969	Probabilistic_Methods
943087	Theory
33907	Genetic_Algorithms
3223	Theory
1129368	Genetic_Algorithms
3233	Theory
12158	Theory
1102550	Genetic_Algorithms
157761	Theory
785678	Genetic_Algorithms
647315	Genetic_Algorithms
594025	Genetic_Algorithms
315266	Probabilistic_Methods
191216	Neural_Networks
566488	Case_Based
6935	Rule_Learning
157805	Theory
12247	Theory
608190	Genetic_Algorithms
83461	Rule_Learning
340078	Neural_Networks
1952	Case_Based
575292	Genetic_Algorithms
50807	Genetic_Algorithms
1154229	Probabilistic_Methods
1125909	Probabilistic_Methods
79817	Probabilistic_Methods
18815	Neural_Networks
82087	Genetic_Algorithms
18834	Reinforcement_Learning
1128856	Rule_Learning
1102761	Case_Based
179706	Neural_Networks
110041	Genetic_Algorithms
67584	Probabilistic_Methods
227286	Neural_Networks
103529	Case_Based
141324	Genetic_Algorithms
737204	Neural_Networks
74937	Probabilistic_Methods
289085	Neural_Networks
78511	Genetic_Algorithms
595063	Genetic_Algorithms
40886	Case_Based
1118823	Theory
592986	Genetic_Algorithms
289885	Probabilistic_Methods
416867	Theory
1131223	Probabilistic_Methods
273949	Neural_Networks
853118	Neural_Networks
20592	Neural_Networks
1153024	Probabilistic_Methods
645571	Probabilistic_Methods
5869	Neural_Networks
1105887	Rule_Learning
307656	Genetic_Algorithms
380341	Neural_Networks
1110256	Theory
264556	Neural_Networks
1153896	Genetic_Algorithms
504	Probabilistic_Methods
654326	Genetic_Algorithms
1116044	Probabilistic_Methods
92589	Probabilistic_Methods
197452	Neural_Networks
1130676	Neural_Networks
987197	Theory
521183	Case_Based
1132815	Neural_Networks
1129106	Case_Based
576362	Genetic_Algorithms
9581	Probabilistic_Methods
1119742	Probabilistic_Methods
1153946	Neural_Networks
735303	Genetic_Algorithms
58436	Genetic_Algorithms
58454	Case_Based
1134320	Probabilistic_Methods
521251	Case_Based
1134348	Probabilistic_Methods
1135082	Neural_Networks
189572	Probabilistic_Methods
18536	Neural_Networks
1128531	Rule_Learning
1127863	Rule_Learning
22229	Genetic_Algorithms
149669	Probabilistic_Methods
154023	Neural_Networks
47682	Case_Based
4637	Theory
49844	Rule_Learning
645870	Probabilistic_Methods
1117786	Rule_Learning
695284	Theory
1110546	Genetic_Algorithms
12165	Theory
1110563	Neural_Networks
12169	Theory
1133004	Neural_Networks
644427	Probabilistic_Methods
689439	Rule_Learning
1119987	Case_Based
82666	Case_Based
672071	Neural_Networks
1114192	Neural_Networks
20924	Case_Based
628458	Neural_Networks
1130915	Neural_Networks
118559	Reinforcement_Learning
40583	Probabilistic_Methods
1115670	Rule_Learning
6925	Theory
267003	Case_Based
1152761	Genetic_Algorithms
12275	Neural_Networks
1114239	Case_Based
104840	Theory
632935	Probabilistic_Methods
1131741	Genetic_Algorithms
28230	Case_Based
10186	Theory
6318	Case_Based
1123093	Rule_Learning
1106330	Theory
523010	Neural_Networks
1104946	Theory
628667	Reinforcement_Learning
616336	Rule_Learning
561613	Probabilistic_Methods
447250	Neural_Networks
1128974	Genetic_Algorithms
37879	Probabilistic_Methods
1128990	Neural_Networks
1126029	Reinforcement_Learning
753265	Theory
13966	Reinforcement_Learning
66990	Neural_Networks
182094	Genetic_Algorithms
284025	Neural_Networks
1153728	Case_Based
5062	Case_Based
636098	Theory
260121	Neural_Networks
15431	Theory
1152307	Neural_Networks
68463	Theory
7297	Neural_Networks
219446	Neural_Networks
782486	Reinforcement_Learning
1136393	Probabilistic_Methods
63477	Theory
1112426	Neural_Networks
1132083	Neural_Networks
1132809	Rule_Learning
1152448	Neural_Networks
1113995	Neural_Networks
60682	Case_Based
552469	Theory
194617	Neural_Networks
38839	Case_Based
143801	Neural_Networks
1110426	Rule_Learning
169280	Neural_Networks
948846	Neural_Networks
593260	Genetic_Algorithms
601567	Theory
31769	Neural_Networks
136665	Reinforcement_Learning
216877	Theory
1112723	Neural_Networks
1131639	Neural_Networks
13652	Neural_Networks
390896	Probabilistic_Methods
114966	Neural_Networks
1154103	Neural_Networks
1104787	Neural_Networks
189721	Probabilistic_Methods
180399	Neural_Networks
175256	Genetic_Algorithms
1137466	Genetic_Algorithms
1104055	Theory
130	Reinforcement_Learning
2653	Theory
67415	Theory
1949	Case_Based
267824	Neural_Networks
1133196	Genetic_Algorithms
31932	Neural_Networks
27514	Theory
28278	Reinforcement_Learning
10169	Theory
194223	Neural_Networks
13024	Rule_Learning
18832	Reinforcement_Learning
82098	Genetic_Algorithms
63931	Rule_Learning
1107062	Genetic_Algorithms
91581	Probabilistic_Methods
188471	Reinforcement_Learning
648232	Neural_Networks
1110000	Probabilistic_Methods
198653	Case_Based
97390	Genetic_Algorithms
27606	Theory
27627	Neural_Networks
28389	Neural_Networks
1129621	Neural_Networks
1122425	Reinforcement_Learning
561674	Probabilistic_Methods
1102873	Neural_Networks
1152277	Neural_Networks
77829	Case_Based
8619	Neural_Networks
628766	Neural_Networks
646913	Genetic_Algorithms
954315	Rule_Learning
1127551	Probabilistic_Methods
1123991	Theory
105057	Theory
696342	Neural_Networks
5038	Theory
175576	Theory
642641	Probabilistic_Methods
408885	Probabilistic_Methods
1131258	Probabilistic_Methods
1133428	Neural_Networks
1129040	Genetic_Algorithms
52515	Probabilistic_Methods
1152379	Theory
1125492	Genetic_Algorithms
521855	Probabilistic_Methods
1127657	Theory
289945	Neural_Networks
1120444	Case_Based
1153877	Case_Based
1131300	Probabilistic_Methods
116081	Rule_Learning
1113182	Reinforcement_Learning
561809	Probabilistic_Methods
1114629	Reinforcement_Learning
69284	Genetic_Algorithms
14807	Neural_Networks
593091	Genetic_Algorithms
1117501	Neural_Networks
513189	Genetic_Algorithms
577086	Genetic_Algorithms
135765	Rule_Learning
1116842	Theory
950986	Neural_Networks
100961	Neural_Networks
3084	Case_Based
3097	Case_Based
307015	Genetic_Algorithms
310742	Probabilistic_Methods
38845	Case_Based
193932	Neural_Networks
145215	Case_Based
646412	Probabilistic_Methods
1123493	Theory
601462	Genetic_Algorithms
27249	Theory
27250	Theory
1153280	Genetic_Algorithms
1152564	Case_Based
3101	Case_Based
170798	Case_Based
17821	Neural_Networks
561238	Genetic_Algorithms
11326	Theory
1135899	Neural_Networks
1107572	Theory
18615	Theory
523574	Probabilistic_Methods
80491	Neural_Networks
20180	Case_Based
90655	Neural_Networks
643735	Neural_Networks
1105450	Theory
144701	Genetic_Algorithms
1108363	Case_Based
1106966	Reinforcement_Learning
1109891	Neural_Networks
636500	Neural_Networks
14429	Probabilistic_Methods
647413	Genetic_Algorithms
562940	Rule_Learning
1117184	Case_Based
28202	Reinforcement_Learning
379288	Case_Based
62417	Probabilistic_Methods
39124	Theory
1153577	Genetic_Algorithms
46491	Theory
66809	Neural_Networks
350319	Neural_Networks
656231	Case_Based
6385	Reinforcement_Learning
686015	Neural_Networks
299197	Neural_Networks
592826	Theory
566664	Case_Based
686061	Neural_Networks
1155073	Rule_Learning
17476	Reinforcement_Learning
17488	Reinforcement_Learning
1119471	Theory
608326	Genetic_Algorithms
1121739	Reinforcement_Learning
78508	Neural_Networks
155158	Rule_Learning
1105764	Reinforcement_Learning
1128201	Genetic_Algorithms
1128227	Genetic_Algorithms
71336	Neural_Networks
345340	Reinforcement_Learning
578365	Neural_Networks
8696	Theory
171954	Theory
28489	Reinforcement_Learning
1131230	Probabilistic_Methods
206371	Genetic_Algorithms
463	Case_Based
1118120	Neural_Networks
646289	Probabilistic_Methods
19045	Genetic_Algorithms
1128369	Genetic_Algorithms
1153861	Neural_Networks
1131312	Probabilistic_Methods
228990	Neural_Networks
360028	Theory
594511	Genetic_Algorithms
9559	Rule_Learning
1103038	Neural_Networks
523394	Probabilistic_Methods
9586	Neural_Networks
762980	Neural_Networks
820661	Neural_Networks
573535	Theory
1119004	Neural_Networks
1059953	Theory
1128536	Theory
220420	Genetic_Algorithms
8961	Theory
1138755	Neural_Networks
567005	Neural_Networks
459206	Genetic_Algorithms
671269	Neural_Networks
1104647	Genetic_Algorithms
178727	Genetic_Algorithms
593209	Genetic_Algorithms
1131557	Genetic_Algorithms
593210	Genetic_Algorithms
1131565	Genetic_Algorithms
577227	Genetic_Algorithms
16461	Neural_Networks
1138027	Genetic_Algorithms
1154068	Probabilistic_Methods
1152633	Probabilistic_Methods
1136631	Theory
57119	Genetic_Algorithms
119956	Neural_Networks
1114118	Genetic_Algorithms
6152	Reinforcement_Learning
20972	Reinforcement_Learning
1154124	Neural_Networks
1123689	Probabilistic_Methods
6941	Rule_Learning
964248	Probabilistic_Methods
120817	Neural_Networks
578845	Genetic_Algorithms
63835	Reinforcement_Learning
2696	Neural_Networks
644577	Probabilistic_Methods
1132461	Neural_Networks
1136040	Neural_Networks
754594	Neural_Networks
1133930	Rule_Learning
1115790	Neural_Networks
238099	Rule_Learning
1112106	Neural_Networks
687401	Neural_Networks
294030	Probabilistic_Methods
2702	Neural_Networks
733534	Neural_Networks
7047	Neural_Networks
6344	Neural_Networks
116545	Genetic_Algorithms
4983	Genetic_Algorithms
272345	Case_Based
70520	Reinforcement_Learning
131122	Neural_Networks
28359	Reinforcement_Learning
27631	Neural_Networks
46547	Theory
13136	Neural_Networks
115188	Neural_Networks
1131150	Neural_Networks
56708	Reinforcement_Learning
1128943	Genetic_Algorithms
102884	Theory
1130454	Probabilistic_Methods
1061127	Rule_Learning
1113739	Reinforcement_Learning
13960	Reinforcement_Learning
310530	Case_Based
1131277	Probabilistic_Methods
1139928	Theory
1130567	Reinforcement_Learning
7272	Neural_Networks
68495	Theory
157401	Neural_Networks
24974	Neural_Networks
137868	Probabilistic_Methods
1130600	Reinforcement_Learning
210872	Genetic_Algorithms
1107312	Reinforcement_Learning
133553	Neural_Networks
144408	Neural_Networks
23502	Neural_Networks
133563	Neural_Networks
1108841	Neural_Networks
346292	Neural_Networks
81714	Genetic_Algorithms
1122704	Neural_Networks
1117618	Theory
1132968	Neural_Networks
1127812	Neural_Networks
8224	Theory
145315	Rule_Learning
96335	Neural_Networks
755082	Neural_Networks
1119140	Neural_Networks
1107567	Theory
1034	Genetic_Algorithms
18619	Theory
280876	Probabilistic_Methods
64484	Reinforcement_Learning
12197	Theory
6155	Reinforcement_Learning
211875	Neural_Networks
77515	Theory
17208	Probabilistic_Methods
1116347	Reinforcement_Learning
35490	Case_Based
6209	Reinforcement_Learning
197054	Genetic_Algorithms
1113541	Neural_Networks
1106287	Neural_Networks
906	Neural_Networks
189856	Probabilistic_Methods
27530	Neural_Networks
10177	Theory
18811	Probabilistic_Methods
202522	Probabilistic_Methods
1152859	Neural_Networks
103482	Genetic_Algorithms
80656	Neural_Networks
1107067	Theory
33412	Neural_Networks
1125258	Neural_Networks
241821	Neural_Networks
1365	Neural_Networks
139865	Neural_Networks
19697	Neural_Networks
1128959	Genetic_Algorithms
206259	Reinforcement_Learning
560936	Neural_Networks
42207	Theory
128203	Theory
75674	Reinforcement_Learning
1128208	Genetic_Algorithms
18251	Case_Based
1128291	Genetic_Algorithms
62634	Genetic_Algorithms
1113035	Neural_Networks
1105033	Reinforcement_Learning
195150	Rule_Learning
62676	Neural_Networks
576973	Genetic_Algorithms
41666	Theory
1128319	Genetic_Algorithms
1108728	Rule_Learning
594483	Genetic_Algorithms
1136397	Neural_Networks
108047	Genetic_Algorithms
14062	Genetic_Algorithms
167670	Theory
1131345	Neural_Networks
5194	Neural_Networks
145134	Neural_Networks
1130678	Neural_Networks
285687	Neural_Networks
531348	Probabilistic_Methods
135766	Rule_Learning
27199	Theory
74427	Neural_Networks
231249	Genetic_Algorithms
1688	Genetic_Algorithms
642827	Probabilistic_Methods
1116146	Case_Based
85352	Genetic_Algorithms
261040	Case_Based
1131466	Probabilistic_Methods
646440	Probabilistic_Methods
1106764	Rule_Learning
95579	Reinforcement_Learning
54132	Genetic_Algorithms
3112	Case_Based
503883	Genetic_Algorithms
11342	Theory
66556	Genetic_Algorithms
49811	Theory
49843	Rule_Learning
7537	Neural_Networks
1107558	Neural_Networks
318071	Probabilistic_Methods
49895	Rule_Learning
626999	Neural_Networks
174418	Neural_Networks
52835	Rule_Learning
20193	Case_Based
12198	Theory
337766	Case_Based
1133047	Theory
10793	Theory
1132385	Theory
593329	Genetic_Algorithms
1119216	Probabilistic_Methods
318187	Rule_Learning
1120020	Reinforcement_Learning
423816	Genetic_Algorithms
325497	Reinforcement_Learning
136768	Rule_Learning
1114222	Theory
173884	Probabilistic_Methods
211906	Theory
2654	Theory
815096	Neural_Networks
578898	Genetic_Algorithms
1951	Case_Based
463825	Theory
86359	Reinforcement_Learning
230879	Neural_Networks
1152075	Theory
39890	Probabilistic_Methods
66782	Neural_Networks
218410	Reinforcement_Learning
936	Case_Based
39130	Theory
139738	Neural_Networks
1109957	Reinforcement_Learning
1071981	Genetic_Algorithms
1107010	Case_Based
608292	Genetic_Algorithms
116553	Genetic_Algorithms
1112929	Neural_Networks
14531	Case_Based
1109208	Genetic_Algorithms
6378	Reinforcement_Learning
95198	Case_Based
219239	Theory
262178	Genetic_Algorithms
97377	Theory
633031	Probabilistic_Methods
573964	Genetic_Algorithms
1108597	Case_Based
103515	Genetic_Algorithms
200480	Case_Based
649739	Neural_Networks
470511	Case_Based
561610	Probabilistic_Methods
1131167	Probabilistic_Methods
1129683	Genetic_Algorithms
642593	Neural_Networks
589923	Probabilistic_Methods
626574	Probabilistic_Methods
48768	Genetic_Algorithms
1118083	Neural_Networks
78555	Neural_Networks
646900	Genetic_Algorithms
683294	Probabilistic_Methods
72056	Neural_Networks
8687	Rule_Learning
111676	Case_Based
77108	Theory
107252	Theory
1114512	Rule_Learning
853114	Neural_Networks
20593	Neural_Networks
1133417	Probabilistic_Methods
93923	Rule_Learning
395547	Neural_Networks
1129021	Genetic_Algorithms
1154524	Rule_Learning
96845	Genetic_Algorithms
35852	Reinforcement_Learning
671052	Neural_Networks
167656	Theory
1132073	Neural_Networks
1107355	Reinforcement_Learning
1114664	Neural_Networks
43165	Neural_Networks
61312	Genetic_Algorithms
43186	Neural_Networks
270456	Probabilistic_Methods
22875	Case_Based
22876	Case_Based
1136449	Neural_Networks
714256	Probabilistic_Methods
292277	Genetic_Algorithms
46887	Neural_Networks
1107418	Genetic_Algorithms
1108167	Theory
1134346	Probabilistic_Methods
189574	Probabilistic_Methods
25805	Theory
739707	Neural_Networks
1102400	Theory
593921	Genetic_Algorithms
486840	Genetic_Algorithms
124224	Neural_Networks
644363	Probabilistic_Methods
286513	Genetic_Algorithms
20821	Rule_Learning
1108209	Neural_Networks
654519	Genetic_Algorithms
593201	Genetic_Algorithms
118424	Neural_Networks
1108267	Case_Based
601561	Case_Based
24476	Probabilistic_Methods
251756	Genetic_Algorithms
711527	Theory
62274	Probabilistic_Methods
948147	Neural_Networks
3237	Theory
1113438	Genetic_Algorithms
160705	Neural_Networks
57922	Theory
13654	Neural_Networks
245288	Reinforcement_Learning
62333	Reinforcement_Learning
1133846	Neural_Networks
263482	Rule_Learning
263486	Rule_Learning
675756	Neural_Networks
627024	Neural_Networks
1106236	Case_Based
1132443	Neural_Networks
32698	Neural_Networks
73323	Case_Based
202520	Probabilistic_Methods
15987	Probabilistic_Methods
675847	Neural_Networks
1152896	Case_Based
1112194	Neural_Networks
29738	Probabilistic_Methods
6311	Theory
372862	Rule_Learning
1102794	Rule_Learning
1117219	Neural_Networks
42156	Neural_Networks
262121	Genetic_Algorithms
1106388	Rule_Learning
430574	Neural_Networks
1110028	Theory
89335	Case_Based
646837	Genetic_Algorithms
593544	Genetic_Algorithms
7867	Genetic_Algorithms
103537	Probabilistic_Methods
